"Barangay","density"
"Barangay 176",678817.493624302
"Commonwealth",546008.667721212
"Batasan Hills",444464.851341318
"Pinagbuhatan",418497.875843368
"Payatas",358892.239403428
